,City Name,City Latitude,City Longitude,Max Temperature,Humidity,Cloud Coverage,Wind Speed,City Country,City Datetime
0,Thompson,55.74,-97.86,8.6,84,90,13.87,CA,-21600
1,Mackay,-21.15,149.2,78.8,88,75,9.17,AU,36000
2,Saint George,37.1,-113.58,39.99,80,90,1.9,US,-25200
3,Rafai,4.95,23.92,69.89,53,100,1.88,CF,3600
4,Cape Town,-33.93,18.42,62.01,82,75,5.82,ZA,7200
5,Manta,-0.95,-80.73,75.2,83,75,11.41,EC,-18000
6,Ancud,-41.87,-73.82,61.0,93,0,11.41,CL,-10800
7,Busselton,-33.65,115.33,86.16,24,31,1.45,AU,28800
8,Pontianak,-0.03,109.33,86.47,65,76,2.71,ID,25200
9,Dikson,73.51,80.55,-26.16,86,66,8.61,RU,25200
10,Faanui,-16.48,-151.75,81.05,71,57,7.4,PF,-36000
11,Rikitea,-23.12,-134.97,78.96,78,100,15.32,PF,-32400
12,Jamestown,42.1,-79.24,28.0,92,90,10.29,US,-18000
13,Kapaa,22.08,-159.32,78.8,69,40,3.36,US,-36000
14,Ushuaia,-54.8,-68.3,46.4,87,75,5.82,AR,-10800
15,Georgetown,5.41,100.34,87.8,66,20,5.82,MY,28800
16,Victoria,22.29,114.16,73.99,68,6,1.01,HK,28800
17,Castro,-24.79,-50.01,62.83,95,48,3.47,BR,-10800
18,Vao,-22.67,167.48,77.58,80,30,20.07,NC,39600
19,Zlobin,45.29,14.65,48.99,83,90,8.99,HR,3600
20,Tasiilaq,65.61,-37.64,30.2,86,100,6.93,GL,-10800
21,Atuona,-9.8,-139.03,78.87,73,3,15.39,PF,-34200
22,Mar Del Plata,-38.0,-57.56,69.01,93,75,4.7,AR,-10800
23,Puerto Ayora,-0.74,-90.35,73.0,94,66,3.0,EC,-21600
24,Kroya,-7.63,109.25,72.0,71,19,5.7,ID,25200
25,New Norfolk,-42.78,147.06,69.8,46,75,11.41,AU,39600
26,Kenai,60.55,-151.26,30.2,92,20,7.02,US,-32400
27,Changji,44.02,87.32,-2.2,84,75,3.33,CN,28800
28,East London,-33.02,27.91,68.0,88,0,4.7,ZA,7200
29,Turukhansk,65.82,87.98,-25.26,80,20,10.31,RU,25200
30,Road Town,18.42,-64.62,78.8,78,20,9.17,VG,-14400
31,Abu Kamal,34.45,40.92,45.28,52,0,1.14,SY,7200
32,Kashi,39.45,75.98,19.4,79,90,4.47,CN,28800
33,Hobart,-42.88,147.33,69.8,46,75,11.41,AU,39600
34,Saint-Philippe,-21.36,55.77,82.4,61,0,20.8,RE,14400
35,Sitka,57.05,-135.33,44.6,56,90,16.11,US,-32400
36,Lebu,-37.62,-73.65,55.83,93,18,1.9,CL,-10800
37,Den Helder,52.96,4.76,39.99,93,90,10.29,NL,3600
38,Barrow,71.29,-156.79,-0.4,77,90,12.75,US,-32400
39,Yellowknife,62.46,-114.35,3.2,84,90,6.93,CA,-25200
40,Chokurdakh,70.63,147.92,-37.98,84,30,3.44,RU,39600
41,Mataura,-46.19,168.86,69.01,51,51,10.0,NZ,46800
42,Ximei,24.96,118.38,73.4,60,0,4.47,CN,28800
43,Ponta Do Sol,32.67,-17.1,60.8,55,75,10.29,PT,0
44,Nenjiang,49.18,125.22,-7.49,83,31,5.73,CN,28800
45,Rosetown,51.55,-108.0,-2.2,77,30,8.05,CA,-21600
46,Hasaki,35.73,140.83,53.6,50,75,5.82,JP,32400
47,Nikolskoye,59.7,30.79,28.4,74,90,13.42,RU,10800
48,Leningradskiy,69.38,178.42,-10.17,84,69,3.53,RU,43200
49,Clifton Springs,-38.15,144.57,72.0,49,0,12.75,AU,39600
50,San Patricio,28.02,-97.52,69.8,83,20,16.11,US,-21600
51,Cicevac,43.72,21.44,53.6,50,0,6.93,RS,3600
52,Belyy Yar,53.6,91.39,-22.0,74,0,2.24,RU,25200
53,Torbay,47.67,-52.73,24.8,85,20,5.82,CA,-12600
54,Kavieng,-2.57,150.8,86.34,61,98,8.7,PG,36000
55,Galveston,29.37,-94.97,64.99,77,20,14.99,US,-21600
56,Souillac,-20.52,57.52,80.6,69,40,11.41,MU,14400
57,Tuktoyaktuk,69.45,-133.04,-5.8,83,90,2.24,CA,-25200
58,Ribeira Grande,38.52,-28.7,57.22,73,100,18.39,PT,-3600
59,Montrose,38.42,-108.27,33.01,93,99,1.99,US,-25200
60,Wanning,18.8,110.4,77.81,71,0,7.16,CN,28800
61,Geraldton,-28.77,114.6,93.2,28,0,20.8,AU,28800
62,Vallenar,-28.57,-70.76,60.75,67,0,2.91,CL,-10800
63,Biltine,14.53,20.92,68.76,24,0,10.29,TD,3600
64,Raudeberg,61.99,5.14,39.99,74,68,7.47,NO,3600
65,Solnechnyy,50.72,136.63,-11.58,79,19,3.89,RU,36000
66,Arraial Do Cabo,-22.97,-42.03,77.0,83,40,10.29,BR,-10800
67,Cayenne,4.93,-52.33,75.2,100,40,1.12,GF,-10800
68,La Grande,45.32,-118.09,19.4,92,1,2.19,US,-28800
69,Simbahan,6.3,120.58,82.51,76,97,3.8,PH,28800
70,Priargunsk,50.37,119.1,-17.23,82,65,2.66,RU,32400
71,Dumas,35.87,-101.97,35.6,64,90,9.17,US,-21600
72,San Cristobal,7.77,-72.22,63.54,91,27,2.42,VE,-14400
73,Avarua,-21.21,-159.78,82.4,74,75,9.17,CK,-36000
74,Pisco,-13.7,-76.22,68.0,88,90,8.05,PE,-18000
75,Punta Arenas,-53.15,-70.92,48.2,76,97,9.17,CL,-10800
76,Harrismith,-28.27,29.13,62.71,83,17,3.11,ZA,7200
77,Laguna,38.42,-121.42,48.0,87,1,1.66,US,-28800
78,Pueblo,38.25,-104.61,33.8,86,90,9.17,US,-25200
79,Rumford,44.55,-70.55,35.01,94,16,1.01,US,-18000
80,Saskylakh,71.92,114.08,-16.01,87,100,19.98,RU,32400
81,Praia,14.92,-23.51,73.4,83,75,13.87,CV,-3600
82,Bethel,41.37,-73.41,39.2,69,1,6.93,US,-18000
83,Madison,34.73,-86.57,46.0,81,75,9.17,US,-21600
84,Koulikoro,14.0,-7.75,67.95,29,4,7.25,ML,0
85,Pangai,-19.8,-174.35,78.8,94,75,2.24,TO,46800
86,Mahibadhoo,3.78,72.97,82.29,73,0,9.57,MV,18000
87,Grindavik,63.84,-22.43,32.0,87,75,1.12,IS,0
88,Srandakan,-7.94,110.25,86.16,66,6,10.69,ID,25200
89,Dongkan,34.0,119.83,33.21,94,100,25.12,CN,28800
90,Albany,42.6,-73.97,37.4,59,90,8.05,US,-18000
91,Port Shepstone,-30.74,30.45,70.84,84,1,3.2,ZA,7200
92,Hithadhoo,-0.6,73.08,82.44,76,9,11.7,MV,18000
93,Alofi,-19.06,-169.92,82.4,83,75,5.82,NU,-39600
94,Kodiak,57.79,-152.41,30.2,92,1,6.11,US,-32400
95,Zunyi,27.69,106.91,43.02,80,100,8.7,CN,28800
96,Hermanus,-34.42,19.23,64.0,87,92,5.41,ZA,7200
97,Central Point,42.38,-122.92,39.2,64,1,2.3,US,-28800
98,Vernon,50.26,-119.27,32.0,93,87,1.81,CA,-28800
99,Kearney,40.7,-99.08,28.4,86,90,14.99,US,-21600
100,Kaitangata,-46.28,169.85,60.01,73,58,18.01,NZ,46800
101,Khatanga,71.97,102.5,-32.13,83,83,14.81,RU,25200
102,Jaisalmer,26.91,70.92,52.09,45,0,11.48,IN,19800
103,Narsaq,60.92,-46.05,28.4,74,60,6.93,GL,-10800
104,Talnakh,69.49,88.4,-23.8,74,0,4.47,RU,25200
105,Malartic,48.13,-78.13,5.0,84,90,6.93,CA,-18000
106,Kibaya,-5.3,36.57,58.46,97,97,3.09,TZ,10800
107,Biak,-0.91,122.88,82.99,72,100,0.58,ID,28800
108,Saldanha,-33.01,17.94,55.4,82,0,7.96,ZA,7200
109,Charters Towers,-20.1,146.27,75.83,81,99,9.71,AU,36000
110,Hastings,50.86,0.57,37.0,83,47,3.0,GB,0
111,Qaanaaq,77.48,-69.36,24.22,90,100,9.08,GL,-14400
112,Broken Hill,-31.95,141.43,77.0,22,0,17.22,AU,37800
113,Port Alfred,-33.59,26.89,68.0,94,9,5.03,ZA,7200
114,Tumarbong,10.38,119.46,85.08,71,68,7.56,PH,28800
115,Guaymas,27.93,-110.9,57.99,94,0,3.0,MX,-25200
116,Katsuura,35.13,140.3,53.6,62,75,6.93,JP,32400
117,Farim,12.48,-15.22,67.73,56,1,3.89,GW,0
118,Uruzgan,32.83,66.0,22.23,58,0,9.01,AF,16200
119,Asau,46.43,26.4,37.99,84,8,3.94,RO,7200
120,Tura,25.52,90.22,70.66,50,0,0.4,IN,19800
121,Flinders,-34.58,150.86,64.0,95,100,3.0,AU,39600
122,Fukue,32.69,128.84,60.8,77,75,11.41,JP,32400
123,Roma,43.21,-75.46,34.0,69,90,16.11,US,-18000
124,Mahebourg,-20.41,57.7,80.6,69,40,11.41,MU,14400
125,Kiama,-34.68,150.87,64.0,95,100,3.0,AU,39600
126,Arshan,46.27,44.22,26.6,100,100,11.18,RU,10800
127,Saint-Denis,48.92,2.33,37.99,93,90,8.05,FR,3600
128,Ostrovnoy,68.05,39.51,19.6,93,99,17.94,RU,10800
129,Kelvington,52.17,-103.53,19.4,79,58,19.46,CA,-21600
130,Dunedin,-45.87,170.5,58.46,70,50,19.3,NZ,46800
131,Kang,-23.68,22.79,75.87,50,24,10.65,BW,7200
132,Launceston,-41.45,147.17,64.99,67,90,19.46,AU,39600
133,Bambous Virieux,-20.34,57.76,81.0,69,40,11.41,MU,14400
134,Luderitz,-26.65,15.16,59.0,82,90,5.82,NA,7200
135,Ulaangom,49.98,92.07,-19.89,86,99,2.57,MN,25200
136,Mount Isa,-20.73,139.5,87.8,52,75,12.75,AU,36000
137,Matara,5.95,80.54,82.17,73,13,4.09,LK,19800
138,Westport,41.14,-73.36,43.0,7,11,13.4,US,-18000
139,Sao Joao Da Barra,-21.64,-41.05,74.98,87,93,15.61,BR,-10800
140,Lagoa,39.05,-27.98,56.89,72,100,17.78,PT,-3600
141,Sur,22.57,59.53,70.38,41,0,11.03,OM,14400
142,Belaya Gora,68.53,146.42,-35.55,80,0,1.66,RU,39600
143,Hilo,19.73,-155.09,78.8,65,1,9.17,US,-36000
144,Okhotsk,59.38,143.3,-24.61,76,0,16.26,RU,36000
145,Bluff,-46.6,168.33,69.01,51,52,10.0,NZ,46800
146,Baykit,61.67,96.37,-29.06,79,9,1.3,RU,25200
147,Sao Felix Do Xingu,-6.64,-51.99,71.74,92,77,0.94,BR,-10800
148,Hays,30.05,-98.03,64.99,88,66,5.99,US,-21600
149,Japura,-0.32,102.35,79.93,89,100,2.93,ID,25200
150,Dali,25.7,100.18,56.12,37,24,3.33,CN,28800
151,Vaini,-21.2,-175.2,78.8,88,90,5.82,TO,46800
152,Tiksi,71.69,128.87,-2.45,93,100,8.97,RU,32400
153,Yulara,-25.24,130.99,86.0,13,0,12.75,AU,34200
154,Kambove,-10.88,26.6,61.99,100,100,3.44,CD,7200
155,Pochutla,15.74,-96.47,70.0,90,29,1.99,MX,-21600
156,Atasu,48.68,71.64,2.75,88,87,8.75,KZ,21600
157,Vostok,46.49,135.88,-13.59,87,95,7.81,RU,36000
158,Bathsheba,13.22,-59.52,78.8,83,40,5.82,BB,-14400
159,Miandrivazo,-19.52,45.47,79.47,72,100,3.38,MG,10800
160,Roswell,34.02,-84.36,46.99,87,1,4.7,US,-18000
161,Pevek,69.7,170.31,-22.83,86,0,2.21,RU,43200
162,Careiro Da Varzea,-3.2,-59.81,77.0,88,0,3.36,BR,-14400
163,Provideniya,64.38,-173.3,24.8,85,90,24.61,RU,43200
164,Vanimo,-2.67,141.3,84.79,70,100,5.5,PG,36000
165,Cidreira,-30.18,-50.21,72.88,83,31,15.86,BR,-10800
166,Airai,-8.93,125.41,74.01,76,53,3.0,TL,32400
167,Pangnirtung,66.15,-65.71,12.2,85,90,9.17,CA,-18000
168,Arlit,18.74,7.39,58.39,33,0,1.61,NE,3600
169,Sabak,3.77,100.99,84.2,83,40,3.36,MY,28800
170,Rio Grande,-32.03,-52.1,70.0,90,0,8.12,BR,-10800
171,Mezen,65.85,44.24,3.87,93,96,8.57,RU,10800
172,Kahului,20.89,-156.47,82.4,58,20,9.17,US,-36000
173,Bow Island,49.87,-111.37,14.0,92,94,3.36,CA,-25200
174,Birin,26.89,88.07,54.5,63,0,4.18,NP,20700
175,Ranau,5.95,116.66,82.4,83,20,9.17,MY,28800
176,Nhulunbuy,-12.23,136.77,78.8,94,40,3.36,AU,34200
177,Santa Maria,-29.68,-53.81,73.4,83,0,8.05,BR,-10800
178,Moscavide,38.78,-9.1,51.8,93,20,4.7,PT,0
179,Iracoubo,5.48,-53.2,77.43,88,33,7.56,GF,-10800
180,Keuruu,62.27,24.7,30.99,86,90,14.99,FI,7200
181,Kirakira,-10.45,161.92,84.22,71,100,4.21,SB,39600
182,Villa Carlos Paz,-31.42,-64.5,68.0,100,0,5.82,AR,-10800
183,Straumen,63.87,11.3,41.0,60,75,21.92,NO,3600
184,Bedesa,8.9,40.78,57.81,62,11,2.04,ET,10800
185,Longyearbyen,78.22,15.64,30.2,74,75,31.09,SJ,3600
186,Nikki,9.94,3.21,65.7,27,0,4.94,BJ,3600
187,Bako,5.78,36.57,63.03,45,61,3.96,ET,10800
188,Oranjemund,-28.55,16.43,60.12,92,7,9.64,NA,7200
189,Porto Murtinho,-21.7,-57.88,77.32,82,9,3.6,BR,-14400
190,Korla,41.76,86.15,22.84,81,0,4.25,CN,28800
191,Bredasdorp,-34.53,20.04,64.4,72,90,3.36,ZA,7200
192,Inhambane,-23.86,35.38,78.8,88,40,5.14,MZ,7200
193,Linqiong,30.42,103.46,48.2,66,40,6.55,CN,28800
194,Balikpapan,-1.27,116.83,84.2,74,20,4.7,ID,28800
195,Sibolga,1.74,98.78,86.23,58,92,3.18,ID,25200
196,Lopukhiv,48.37,23.96,37.6,81,67,7.72,UA,7200
197,Grand Gaube,-20.01,57.66,80.01,71,78,8.99,MU,14400
198,Mauldin,34.78,-82.31,42.8,93,1,3.89,US,-18000
199,Ust-Kut,56.79,105.77,-25.19,80,79,1.43,RU,28800
200,Codrington,-38.27,141.97,66.72,62,68,13.18,AU,39600
201,Chernyshevskiy,63.01,112.47,-19.52,88,19,5.57,RU,32400
202,Vila Franca Do Campo,37.72,-25.43,53.6,81,75,9.17,PT,-3600
203,Sangar,63.92,127.47,-38.96,81,100,3.78,RU,32400
204,Rafaela,-31.25,-61.49,73.0,57,0,3.0,AR,-10800
205,Rosarito,32.33,-117.03,52.0,87,90,6.93,MX,-28800
206,Kavaratti,10.57,72.64,82.4,78,40,6.93,IN,19800
207,Vardo,70.37,31.11,26.6,79,75,10.29,NO,3600
208,Sharanga,57.18,46.54,-5.51,89,0,2.57,RU,10800
209,Richards Bay,-28.78,32.04,74.89,79,0,11.52,ZA,7200
210,Caravelas,-17.71,-39.25,73.6,86,0,5.28,BR,-10800
211,Montepuez,-13.13,39.0,71.19,95,100,6.78,MZ,7200
212,Ahipara,-35.17,173.17,64.96,57,22,12.77,NZ,46800
213,Fort Nelson,58.81,-122.7,1.4,84,75,4.7,CA,-25200
214,Najran,17.49,44.13,48.2,57,0,0.45,SA,10800
215,Awbari,26.59,12.78,50.13,47,54,8.63,LY,7200
216,Riviere-Au-Renard,49.0,-64.4,33.8,90,75,5.82,CA,-18000
217,Guerrero Negro,27.98,-114.06,59.88,73,29,13.06,MX,-25200
218,Te Anau,-45.42,167.72,71.78,30,99,5.59,NZ,46800
219,Chuy,-33.7,-53.46,63.99,95,0,4.59,UY,-10800
220,Ketchikan,55.34,-131.65,37.4,86,90,9.17,US,-32400
221,Andenes,69.31,16.12,37.4,69,58,13.87,NO,3600
222,Aksha,50.28,113.29,-9.04,75,99,14.72,RU,32400
223,Barranca,-10.75,-77.77,67.98,89,70,4.41,PE,-18000
224,Ugoofaaru,5.67,73.0,81.82,70,10,7.65,MV,18000
225,Osmena,10.52,119.93,82.72,77,32,7.61,PH,28800
226,Qostanay,53.17,63.58,6.8,92,0,2.24,KZ,21600
227,Imbituba,-28.24,-48.67,73.4,94,75,5.82,BR,-10800
228,Darhan,49.49,105.92,-10.57,81,100,5.08,MN,28800
229,Mount Gambier,-37.83,140.77,68.0,56,90,11.41,AU,37800
230,Yumen,40.28,97.2,10.17,78,49,6.04,CN,28800
231,Chernyshkovskiy,48.42,42.23,22.48,96,100,14.14,RU,14400
232,Champasak,14.75,106.0,84.2,58,0,2.24,LA,25200
233,Portland,45.52,-122.68,37.99,78,1,2.42,US,-28800
234,Praia Da Vitoria,38.73,-27.07,55.4,76,90,15.23,PT,-3600
235,Magadan,59.57,150.8,-2.31,82,100,7.9,RU,39600
236,Mandal,25.45,74.57,53.91,35,0,4.76,IN,19800
237,Bilma,18.69,12.92,56.73,34,0,8.14,NE,3600
238,Judaberg,59.17,5.87,43.0,93,90,1.12,NO,3600
239,Eskil,38.4,33.41,41.14,66,55,8.81,TR,10800
240,Meulaboh,4.14,96.13,82.87,69,100,2.84,ID,25200
241,Luganville,-15.53,167.17,86.0,74,40,5.82,VU,39600
242,College,64.86,-147.8,18.0,78,75,4.79,US,-32400
243,Marquette,46.53,-87.63,16.0,73,77,8.81,US,-18000
244,Udayagiri,20.13,84.38,72.46,39,0,2.57,IN,19800
245,Kautokeino,69.01,23.04,19.69,95,100,18.39,NO,3600
246,Verkhnetulomskiy,68.61,31.8,21.2,85,75,4.47,RU,10800
247,Conceicao Do Araguaia,-8.26,-49.26,75.52,74,0,2.3,BR,-10800
248,Namatanai,-3.67,152.43,84.47,70,98,9.64,PG,36000
249,Faya,18.39,42.45,48.2,49,0,0.49,SA,10800
250,Maracaibo,10.63,-71.64,78.04,77,65,10.74,VE,-14400
251,Alice Springs,-23.7,133.88,86.0,20,43,10.29,AU,34200
252,La Ronge,55.1,-105.28,1.4,84,87,1.12,CA,-21600
253,Upernavik,72.79,-56.15,25.66,95,100,21.68,GL,-10800
254,Ilinskiy,55.62,38.12,14.0,92,0,6.71,RU,10800
255,Sabya,17.15,42.63,73.4,83,30,5.82,SA,10800
256,Bahia Blanca,-38.72,-62.27,80.02,44,6,10.63,AR,-10800
257,Sistranda,63.73,8.83,42.8,60,0,26.4,NO,3600
258,Cabo San Lucas,22.89,-109.91,68.0,64,5,3.36,MX,-25200
259,Dwarka,22.24,68.97,68.61,38,0,18.99,IN,19800
260,Novyy Urengoy,66.08,76.63,-16.56,88,100,16.08,RU,18000
261,Sept-Iles,50.2,-66.38,32.0,95,100,5.82,CA,-18000
262,Anchorage,61.22,-149.9,35.6,86,1,2.89,US,-32400
263,Bogovarovo,58.98,47.02,-7.49,89,0,1.36,RU,10800
264,Jiuquan,39.74,98.52,10.98,84,78,4.38,CN,28800
265,Hobyo,5.35,48.53,79.41,78,48,22.55,SO,10800
266,Sarh,9.14,18.39,66.2,52,0,3.89,TD,3600
267,Kedrovyy,56.17,91.82,-38.2,72,35,4.03,RU,25200
268,Kozhva,65.11,57.05,-27.15,85,33,0.81,RU,10800
269,Araouane,18.9,-3.53,68.85,24,85,6.24,ML,0
270,Portree,57.41,-6.19,37.0,90,27,8.01,GB,0
271,Ipswich,52.06,1.16,37.0,93,100,12.75,GB,0
272,Vila Velha,-20.33,-40.29,77.0,83,75,4.7,BR,-10800
273,Viedma,-40.81,-63.0,74.75,57,35,13.51,AR,-10800
274,Denpasar,-8.65,115.22,86.0,74,20,6.93,ID,28800
275,Hami,42.8,93.45,18.84,67,0,4.34,CN,28800
276,Pyapon,16.28,95.68,85.69,47,4,6.6,MM,23400
277,Beisfjord,68.38,17.6,39.2,55,100,14.99,NO,3600
278,Esperance,-33.87,121.9,80.6,28,100,11.41,AU,28800
279,Jinchang,38.5,102.17,14.0,77,90,2.04,CN,28800
280,Muros,42.78,-9.06,44.01,93,95,3.0,ES,3600
281,Gorodovikovsk,46.09,41.93,38.12,87,100,17.27,RU,10800
282,Severo-Kurilsk,50.68,156.12,20.17,95,100,38.52,RU,39600
283,Zhezkazgan,47.8,67.71,0.77,91,75,4.79,KZ,21600
284,Jieshi,22.81,115.83,73.0,68,1,3.53,CN,28800
285,Norman Wells,65.28,-126.83,-2.2,77,75,6.93,CA,-25200
286,Sovetskiy,61.36,63.58,-18.08,87,100,9.64,RU,18000
287,Salinopolis,-0.61,-47.36,79.97,80,86,12.08,BR,-10800
288,Butaritari,3.07,172.79,81.64,80,100,18.57,KI,43200
289,Lorengau,-2.02,147.27,85.87,59,70,7.29,PG,36000
290,Selkirk,50.14,-96.88,5.0,77,1,6.93,CA,-21600
291,Polyarnyy,69.2,33.45,21.2,85,75,4.47,RU,10800
292,Swellendam,-34.02,20.44,64.4,72,88,3.36,ZA,7200
293,La Rioja,42.25,-2.5,41.0,75,0,12.75,ES,3600
294,Kiunga,-6.12,141.29,90.14,55,88,1.01,PG,36000
295,Ulladulla,-35.35,150.47,62.6,93,90,10.29,AU,39600
296,Coquimbo,-29.95,-71.34,59.0,87,0,6.93,CL,-10800
297,Port Elizabeth,-33.92,25.57,66.2,93,0,10.29,ZA,7200
298,Vanavara,60.34,102.28,-32.06,83,5,4.83,RU,25200
299,Havoysund,71.0,24.66,30.2,74,100,24.16,NO,3600
300,Fortuna,40.6,-124.16,41.0,100,1,5.82,US,-28800
301,Tessalit,20.2,1.01,59.22,29,79,4.41,ML,0
302,Carnarvon,-24.87,113.63,82.4,74,46,8.05,AU,28800
303,Paciran,-6.88,112.38,84.79,71,98,6.15,ID,25200
304,Krasnaya Gorka,55.2,56.67,-5.33,92,100,1.86,RU,18000
305,Tommot,58.96,126.29,-11.45,85,100,16.55,RU,32400
306,Snezhnogorsk,69.19,33.25,21.2,85,75,4.47,RU,10800
307,Vestmanna,62.16,-7.17,35.6,80,99,31.09,FO,0
308,Port Macquarie,-31.43,152.92,73.0,86,75,1.01,AU,39600
309,San Quintin,30.48,-115.95,56.53,69,4,8.03,MX,-28800
310,Soyo,-6.13,12.37,77.86,86,100,4.16,AO,3600
311,Ambon,-3.7,128.18,89.6,55,40,9.17,ID,32400
312,Pakxan,18.38,103.66,87.01,50,9,0.76,LA,25200
313,Necochea,-38.55,-58.74,66.99,91,99,15.95,AR,-10800
314,Amot,59.57,7.99,33.01,94,100,4.76,NO,3600
315,Nanortalik,60.14,-45.24,25.7,96,97,11.43,GL,-10800
316,Naryan-Mar,67.67,53.09,-26.18,84,0,7.29,RU,10800
317,Taoudenni,22.68,-3.98,67.66,25,82,7.11,ML,0
318,Flagstaff,35.2,-111.65,27.0,85,90,11.83,US,-25200
319,Krasnoselkup,65.7,82.47,-21.87,82,100,17.25,RU,18000
320,Werda,-25.27,23.28,77.18,62,89,14.09,BW,7200
321,Saint-Pierre,-21.34,55.48,82.4,61,0,20.8,RE,14400
322,Mossendjo,-2.95,12.73,69.15,99,100,2.06,CG,3600
323,Namwala,-15.75,26.44,66.07,96,100,2.8,ZM,7200
324,Adrar,20.5,-10.07,71.8,29,91,6.49,MR,0
325,Lazaro Cardenas,17.96,-102.2,69.85,81,0,4.74,MX,-21600
326,Kulhudhuffushi,6.62,73.07,81.61,71,0,8.05,MV,18000
327,General Roca,-39.03,-67.58,80.6,26,0,12.75,AR,-10800
328,Uribia,11.71,-72.27,76.64,80,56,8.34,CO,-18000
329,Camaqua,-30.85,-51.81,69.4,89,53,4.25,BR,-10800
330,Bereznik,62.86,42.71,0.81,92,38,5.93,RU,10800
331,Kloulklubed,7.04,134.26,86.0,74,75,11.41,PW,32400
332,Nahrin,36.06,69.13,29.35,77,0,5.77,AF,16200
333,La Romana,18.43,-68.97,68.0,100,40,4.7,DO,-14400
334,Port Moresby,-9.44,147.18,80.6,88,40,23.04,PG,36000
335,Singaraja,-8.11,115.09,86.77,62,18,2.64,ID,28800
336,Tallahassee,30.44,-84.28,48.99,100,1,3.4,US,-18000
337,Klaksvik,62.23,-6.59,35.6,80,100,31.09,FO,0
338,Ailigandi,9.23,-78.02,77.43,78,50,4.81,PA,-18000
339,Clyde River,70.47,-68.59,-2.2,91,93,6.93,CA,-18000
340,Eureka,40.8,-124.16,39.99,90,0,4.23,US,-28800
341,Oum Hadjer,13.3,19.7,66.2,26,0,7.4,TD,3600
342,Namibe,-15.2,12.15,71.8,83,100,2.37,AO,3600
343,Deputatskiy,69.3,139.9,-25.78,87,81,3.2,RU,36000
344,Buraydah,26.33,43.98,51.8,93,75,4.7,SA,10800
345,Dalupirip,16.33,120.73,83.7,64,15,4.54,PH,28800
346,Prince Rupert,54.32,-130.32,39.2,84,75,6.93,CA,-28800
347,Magnolia,33.27,-93.24,52.0,61,100,5.99,US,-21600
348,Homer,59.64,-151.55,42.8,56,1,5.06,US,-32400
349,Dzhebariki-Khaya,62.22,135.8,-45.24,75,52,1.9,RU,32400
350,Syracuse,37.09,15.28,50.0,100,75,8.05,IT,3600
351,Karachi,24.91,67.08,48.2,42,0,16.17,PK,18000
352,Poum,-20.23,164.02,82.08,76,4,14.32,NC,39600
353,Labuhan,-6.88,112.21,86.25,66,22,6.87,ID,25200
354,Ponta Delgada,37.73,-25.67,55.4,76,75,9.17,PT,-3600
355,Tautira,-17.73,-149.15,82.4,69,40,9.17,PF,-36000
356,Tilichiki,60.47,166.1,-1.71,94,91,10.27,RU,43200
357,Harrisonburg,38.45,-78.87,41.0,69,1,6.93,US,-18000
358,Cherskiy,68.75,161.3,-36.31,83,67,1.77,RU,39600
359,Lorton,38.7,-77.23,42.01,86,1,9.04,US,-18000
360,Thinadhoo,0.53,72.93,82.89,71,7,8.93,MV,18000
361,Ilulissat,69.22,-51.1,24.8,85,74,11.41,GL,-10800
362,Port Said,31.26,32.28,57.2,93,0,3.36,EG,7200
363,Turki,51.99,43.27,6.04,94,18,8.03,RU,14400
364,Petropavlovsk-Kamchatskiy,53.05,158.65,12.2,51,100,2.24,RU,43200
365,Port Maria,18.37,-76.89,79.0,82,42,13.0,JM,-18000
366,Vicuna,-30.03,-70.71,59.0,87,0,6.93,CL,-10800
367,Lumphat,13.49,106.98,88.36,48,17,2.73,KH,25200
368,Dire Dawa,9.59,41.87,62.78,69,0,2.59,ET,10800
369,Aborlan,9.44,118.55,87.8,70,20,6.93,PH,28800
370,Orangeburg,33.49,-80.86,46.4,86,1,4.54,US,-18000
371,Amberieu-En-Bugey,45.96,5.34,42.8,75,75,18.34,FR,3600
372,Bowen,-20.02,148.23,78.8,88,90,12.75,AU,36000
373,Coihaique,-45.58,-72.07,59.0,87,0,8.05,CL,-10800
374,Hofn,64.25,-15.21,27.1,85,100,15.82,IS,0
375,Harindanga,22.04,88.32,60.8,72,0,5.37,IN,19800
376,Brzeg,50.86,17.47,42.01,88,100,4.0,PL,3600
377,Boddam,57.47,-1.78,35.6,93,40,11.41,GB,0
378,Khash,28.22,61.22,37.71,55,0,5.99,IR,12600
379,Alta Floresta,-9.88,-56.09,70.92,95,96,2.08,BR,-14400
380,Boyolangu,-8.12,111.89,83.35,77,76,8.28,ID,25200
381,Salalah,17.02,54.09,69.8,56,20,6.93,OM,14400
382,Constitucion,-35.33,-72.42,55.96,84,0,9.55,CL,-10800
383,Lasa,46.62,10.7,27.0,100,75,6.93,IT,3600
384,Viseu,40.66,-7.91,43.0,91,88,5.01,PT,0
385,Gondanglegi,-7.75,112.01,86.0,68,88,0.16,ID,25200
386,Kamaishi,39.27,141.88,37.4,69,75,5.82,JP,32400
387,Sydney,-33.87,151.21,69.01,82,75,14.99,AU,39600
388,Port Hardy,50.7,-127.42,39.2,93,90,3.36,CA,-28800
389,Taltal,-25.4,-70.48,63.0,79,27,2.04,CL,-10800
390,Chupa,66.27,33.05,22.75,96,90,5.88,RU,10800
391,Nurota,40.56,65.69,19.4,92,39,4.7,UZ,18000
392,Williamsburg,37.27,-76.71,50.0,75,1,7.11,US,-18000
393,Porto Walter,-8.27,-72.74,72.39,97,100,1.86,BR,-18000
394,Vryburg,-26.96,24.73,72.32,68,87,10.74,ZA,7200
395,Kendari,-3.94,122.5,80.74,83,100,5.55,ID,28800
396,Bulgan,48.81,103.53,-10.66,77,0,4.21,MN,28800
397,Florida,28.75,-82.5,54.0,87,1,6.58,US,-18000
398,Hornepayne,49.21,-84.77,-1.16,89,1,8.19,CA,-18000
399,Karratha,-20.74,116.85,91.09,53,7,12.48,AU,28800
400,La Esperanza,14.87,-91.57,63.0,95,83,5.03,GT,-21600
401,Palasa,18.77,84.42,76.01,48,0,4.23,IN,19800
402,Aksu,41.12,80.26,23.59,84,23,1.52,CN,28800
403,Kenitra,34.26,-6.58,53.6,93,75,10.29,MA,3600
404,Pietersburg,-23.9,29.47,69.8,83,90,5.82,ZA,7200
405,Chernushka,56.51,56.08,-9.62,90,2,3.91,RU,18000
406,Harper,4.38,-7.72,78.51,83,27,6.49,LR,0
407,Shawinigan,46.57,-72.75,32.0,80,88,5.82,CA,-18000
408,Bandarbeyla,9.49,50.81,75.85,83,89,22.86,SO,10800
409,Manado,1.49,124.85,86.0,66,40,3.36,ID,28800
410,Iraquara,-12.25,-41.62,63.41,80,33,5.84,BR,-10800
411,Hassleholm,56.16,13.77,41.0,80,100,11.41,SE,3600
412,Thunder Bay,48.4,-89.32,0.0,76,5,9.17,CA,-18000
413,Champerico,14.3,-91.92,63.0,95,9,6.06,GT,-21600
414,Sakakah,29.97,40.21,44.6,87,40,3.36,SA,10800
415,Xiantao,30.38,113.4,43.21,69,100,24.76,CN,28800
416,Olkhovka,53.21,60.61,7.63,93,64,6.78,RU,18000
417,Calama,-22.47,-68.93,53.6,66,0,8.05,CL,-10800
418,Urcos,-13.69,-71.62,49.95,75,100,2.15,PE,-18000
419,Harvard,42.42,-88.61,19.99,77,0,8.01,US,-21600
420,Rio Gallegos,-51.62,-69.22,53.6,54,0,8.05,AR,-10800
421,Hambantota,6.12,81.12,80.6,94,20,2.24,LK,19800
422,Beloha,-25.17,45.05,84.06,50,73,14.54,MG,10800
423,Egvekinot,66.32,-179.17,-3.91,87,91,22.06,RU,43200
424,Tuatapere,-46.13,167.68,69.01,51,97,10.0,NZ,46800
425,Marawi,8.0,124.29,84.0,80,32,5.99,PH,28800
426,Boa Vista,2.82,-60.67,80.6,74,40,3.36,BR,-14400
427,Valledupar,10.46,-73.25,72.82,83,99,3.29,CO,-18000
428,Tiarei,-17.53,-149.33,82.4,69,40,9.17,PF,-36000
429,North Bend,43.41,-124.22,39.99,93,1,5.14,US,-28800
430,Abu Dhabi,24.47,54.37,64.4,72,0,10.27,AE,14400
431,Gat,31.61,34.76,55.0,75,0,1.57,IL,7200
432,San Carlos De Bariloche,-41.15,-71.31,57.2,62,0,5.82,AR,-10800
433,Billings,45.78,-108.5,24.8,79,20,11.41,US,-25200
434,Khonsa,27.02,95.57,64.4,49,0,3.18,IN,19800
435,Tamiahua,21.27,-97.45,68.13,85,0,7.92,MX,-21600
436,Olinda,-8.01,-34.86,77.0,65,40,10.29,BR,-10800
437,Petrovac,44.38,21.42,46.0,84,31,9.22,RS,3600
438,Bengkulu,-3.8,102.27,79.03,77,100,7.94,ID,25200
439,Kuchera,26.98,73.97,53.47,38,0,7.36,IN,19800
440,Torres,-29.34,-49.73,70.21,92,84,6.11,BR,-10800
441,Vestmannaeyjar,63.44,-20.27,27.91,91,1,18.52,IS,0
442,Pizarro,4.95,-77.37,75.11,87,81,3.15,CO,-18000
443,Sao Jose Da Coroa Grande,-8.9,-35.15,75.42,78,3,8.05,BR,-10800
444,Adiake,5.29,-3.3,80.6,94,20,3.36,CI,0
445,San Policarpo,12.18,125.51,83.62,71,52,5.73,PH,28800
446,Muzaffarnagar,29.47,77.68,52.84,45,0,8.93,IN,19800
447,Dudinka,69.41,86.18,-23.8,74,0,4.47,RU,25200
448,Khani,41.96,42.96,50.0,43,0,14.99,GE,14400
449,Medea,36.26,2.75,55.4,76,75,10.29,DZ,3600
450,Lavrentiya,65.58,-171.0,17.56,94,100,15.35,RU,43200
451,Birao,10.28,22.79,67.86,31,0,6.46,CF,3600
452,Paraiso,9.84,-83.87,69.8,73,0,5.82,CR,-21600
453,Chateaubelair,13.28,-61.25,77.0,94,20,5.82,VC,-14400
454,Nemuro,43.32,145.57,28.4,50,75,11.41,JP,32400
455,Arbazh,57.68,48.31,-10.97,89,0,2.08,RU,10800
456,Parabel,58.7,81.48,-7.24,86,100,15.14,RU,25200
457,Dingle,11.0,122.67,85.53,73,53,5.41,PH,28800
458,Ust-Maya,60.42,134.53,-34.53,81,100,2.19,RU,32400
459,Jamsa,61.86,25.19,30.2,86,90,14.99,FI,7200
460,Margate,51.38,1.39,39.0,83,99,4.0,GB,0
461,Sarahan,31.52,77.8,37.29,52,0,4.74,IN,19800
462,Anadyr,64.75,177.48,17.6,85,75,40.26,RU,43200
463,Isangel,-19.55,169.27,87.8,66,75,11.41,VU,39600
464,Kungurtug,50.6,97.52,-18.31,73,0,1.45,RU,25200
465,Calatayud,41.35,-1.64,48.2,42,16,5.82,ES,3600
466,Itoman,26.12,127.67,75.2,69,75,12.75,JP,32400
467,Dongsheng,39.82,109.98,-5.19,62,0,14.52,CN,28800
468,Touros,-5.2,-35.46,75.2,83,40,5.82,BR,-10800
469,Tenenkou,14.46,-4.92,68.72,24,0,7.81,ML,0
470,Arcachon,44.59,-1.05,50.0,66,55,12.75,FR,3600
471,Marsa Matruh,31.35,27.25,50.0,81,0,3.8,EG,7200
472,Groningen,53.25,6.75,37.0,100,90,3.36,NL,3600
473,Luau,-10.71,22.22,65.79,97,100,2.15,AO,3600
474,Honiara,-9.43,159.95,86.0,74,40,6.93,SB,39600
475,Kayerkan,69.35,87.76,-23.8,74,0,4.47,RU,25200
476,Nagaur,27.2,73.73,52.54,41,0,7.29,IN,19800
477,Rockport,28.02,-97.05,69.8,88,1,13.87,US,-21600
478,Conde,-7.26,-34.91,75.2,88,20,4.7,BR,-10800
479,Ayan,56.45,138.17,-16.15,74,91,8.97,RU,36000
480,Barrancas,10.96,-72.79,70.16,87,75,1.39,CO,-18000
481,Udachnyy,66.42,112.4,-16.6,75,90,11.18,RU,32400
482,Novyy Urgal,51.07,132.56,-24.83,75,71,1.66,RU,36000
483,Aklavik,68.22,-135.01,-5.8,76,99,1.12,CA,-25200
484,Lyngseidet,69.58,20.22,32.0,91,0,18.34,NO,3600
485,Sao Filipe,14.9,-24.5,73.85,84,34,9.73,CV,-3600
486,Mahajanga,-15.72,46.32,78.8,94,40,4.7,MG,10800
487,Auki,-8.77,160.7,83.82,75,100,1.45,SB,39600
488,Hua Hin,12.57,99.96,84.2,74,20,4.7,TH,25200
489,Calvia,39.57,2.51,51.01,61,0,8.05,ES,3600
490,Makakilo City,21.35,-158.09,80.6,57,75,8.05,US,-36000
491,Pauini,-7.71,-66.98,72.9,97,100,0.29,BR,-14400
492,Puerto Del Rosario,28.5,-13.86,64.4,77,40,10.29,ES,0
493,Namuac,18.61,121.17,81.84,82,24,4.18,PH,28800
494,Springdale,36.19,-94.13,39.2,64,1,10.29,US,-21600
495,Xiongzhou,25.12,114.3,78.98,43,23,1.9,CN,28800
496,Bichena,10.45,38.2,48.2,48,0,2.44,ET,10800
497,Hvolsvollur,63.75,-20.22,19.22,90,0,7.14,IS,0
498,Jiayuguan,39.82,98.3,9.23,83,86,2.57,CN,28800
499,Nicoya,10.15,-85.45,75.2,83,0,10.29,CR,-21600
500,Peniche,39.36,-9.38,55.0,71,16,10.0,PT,0
501,Sisimiut,66.94,-53.67,19.22,94,100,8.16,GL,-10800
502,Agdangan,13.87,121.92,82.72,77,38,1.57,PH,28800
503,Calderitas,18.55,-88.25,70.75,81,22,10.78,MX,-18000
504,Megion,61.03,76.11,-4.0,76,90,11.18,RU,18000
505,Tezu,27.92,96.17,70.9,22,0,3.09,IN,19800
506,Mayo,38.89,-76.51,44.6,86,1,10.78,US,-18000
507,Tarn Taran,31.45,74.93,44.6,100,90,4.54,IN,19800
508,Huarmey,-10.07,-78.15,69.94,82,78,6.96,PE,-18000
509,Tazovskiy,67.47,78.7,-22.4,86,100,17.67,RU,18000
510,Suntar,62.14,117.63,-5.26,90,100,12.26,RU,32400
511,Mecca,21.43,39.83,72.81,80,1,1.48,SA,10800
512,Puerto Leguizamo,-0.19,-74.78,72.14,97,100,1.66,CO,-18000
513,Penzance,50.12,-5.54,44.01,81,95,23.04,GB,0
514,Gushikawa,26.35,127.87,75.2,73,75,9.17,JP,32400
515,Gap,44.67,6.0,32.0,89,100,3.98,FR,3600
516,Ottawa,45.41,-75.7,25.0,73,40,17.22,CA,-18000
517,Mojo,8.6,39.12,48.2,70,0,4.7,ET,10800
518,Hurricane,37.18,-113.29,39.0,85,100,0.74,US,-25200
519,Majene,-3.54,118.97,84.99,69,100,5.06,ID,28800
520,Cornwall,45.02,-74.73,30.2,74,90,14.99,CA,-18000
521,Celestun,20.87,-90.4,69.69,72,0,14.94,MX,-21600
522,Bendigo,-36.77,144.28,75.0,35,0,1.01,AU,39600
523,Umea,63.83,20.26,32.0,96,90,11.41,SE,3600
524,Kharp,66.8,65.81,-18.11,81,89,6.64,RU,18000
525,Carutapera,-1.2,-46.02,78.91,80,81,8.5,BR,-10800
526,Mana,5.66,-53.78,77.04,89,3,7.83,GF,-10800
527,Avera,33.19,-82.53,46.0,77,1,4.25,US,-18000
528,Morant Bay,17.88,-76.41,79.0,74,20,5.82,JM,-18000
529,Pouembout,-21.13,164.9,83.73,70,60,6.46,NC,39600
530,Muswellbrook,-32.27,150.9,77.0,58,100,5.99,AU,39600
531,Conceicao Da Barra,-18.59,-39.73,72.84,92,0,4.5,BR,-10800
532,Hilton Head Island,32.22,-80.75,53.01,93,1,4.21,US,-18000
533,Santiago Del Estero,-27.8,-64.26,72.0,90,81,4.0,AR,-10800
534,Pulandian,39.4,121.97,14.0,51,40,13.42,CN,28800
535,Puerto Penasco,31.32,-113.53,61.11,51,44,8.55,MX,-25200
536,Waingapu,-9.66,120.26,85.95,66,99,7.47,ID,28800
537,Ndele,8.41,20.65,72.5,31,6,4.85,CF,3600
538,Tamandare,-8.76,-35.1,75.51,78,0,7.96,BR,-10800
539,Thasra,22.8,73.22,59.0,41,35,9.17,IN,19800
540,Emerald,-23.53,148.17,75.2,83,90,10.29,AU,36000
541,Quatre Cocos,-20.21,57.76,81.0,69,40,11.41,MU,14400
542,Cockburn Town,21.46,-71.14,77.11,79,39,19.64,TC,-18000
543,Flic En Flac,-20.27,57.36,81.0,69,40,11.41,MU,14400
544,Santa Ines,-3.67,-45.38,74.35,91,20,3.8,BR,-10800
545,Izhma,65.01,53.91,-24.34,84,0,1.39,RU,10800
546,Zhengjiatun,43.51,123.51,-1.97,81,1,12.93,CN,28800
547,Trofors,65.53,13.41,39.2,64,100,18.34,NO,3600
548,Tevaitoa,-16.78,-151.5,81.86,68,97,6.93,PF,-36000
549,Porto Novo,6.5,2.6,78.8,94,20,3.36,BJ,3600
550,Butler,39.45,-84.57,30.2,63,90,5.82,US,-18000
551,Bay Roberts,47.6,-53.26,24.8,92,75,5.82,CA,-12600
552,Eresos,39.17,25.93,59.0,77,20,16.11,GR,7200
553,Bac Lieu,9.29,105.72,83.23,70,60,0.51,VN,25200
554,Pangody,65.85,74.49,-13.31,88,100,15.12,RU,18000
555,Hukuntsi,-24.0,21.75,76.32,54,33,7.7,BW,7200
556,Srednekolymsk,67.45,153.68,-35.75,81,60,3.42,RU,39600
557,Nakhon Phanom,17.33,104.42,84.99,54,0,4.7,TH,25200
558,Maningrida,-12.07,134.27,90.5,58,71,8.43,AU,34200
559,Bakchar,57.02,82.07,-3.62,87,100,10.07,RU,25200
560,Hermitage,41.23,-80.45,30.2,80,90,9.17,US,-18000
561,Boguchany,58.38,97.45,-29.63,81,0,2.17,RU,25200
562,Juneau,58.3,-134.42,39.0,86,90,14.99,US,-32400
563,Dukat,62.55,155.55,-34.38,82,100,6.13,RU,39600
564,Anqing,30.51,117.05,46.08,80,100,18.77,CN,28800
565,Saint-Francois,46.42,3.91,42.8,70,90,10.29,FR,3600
566,Zhigansk,66.77,123.37,-10.34,88,100,19.89,RU,32400
567,Nambour,-26.63,152.95,82.99,79,100,1.99,AU,36000
568,Nizhneivkino,58.19,49.52,-10.37,90,5,2.04,RU,10800
569,Abengourou,6.73,-3.5,69.22,99,17,1.43,CI,0
